{
  "posterior": {
    "k_C1q_M1": {
      "mean": 1.62396,
      "sd": 0.34745,
      "lo": 0.5,
      "hi": 2.5,
      "default": 1.36
    },
    "k_C3_cleave": {
      "mean": 1.30988,
      "sd": 0.24872,
      "lo": 0.5,
      "hi": 2.0,
      "default": 1.2
    },
    "k_C3aR_act": {
      "mean": 1.89614,
      "sd": 0.56292,
      "lo": 1.0,
      "hi": 3.5,
      "default": 2.28
    },
    "k_damp_M1": {
      "mean": 0.68038,
      "sd": 0.2474,
      "lo": 0.2,
      "hi": 1.0,
      "default": 0.5
    },
    "k_rpe_cyt": {
      "mean": 0.0095,
      "sd": 0.00189,
      "lo": 0.002,
      "hi": 0.015,
      "default": 0.006
    },
    "k_rgc_rpe": {
      "mean": 0.00541,
      "sd": 0.00168,
      "lo": 0.002,
      "hi": 0.012,
      "default": 0.005
    },
    "k_rgc_cyt": {
      "mean": 0.02231,
      "sd": 0.00685,
      "lo": 0.008,
      "hi": 0.035,
      "default": 0.018
    },
    "k_mig_damp": {
      "mean": 2.31775,
      "sd": 0.58919,
      "lo": 1.0,
      "hi": 3.0,
      "default": 1.85
    },
    "k_M1_switch": {
      "mean": 0.19301,
      "sd": 0.05485,
      "lo": 0.08,
      "hi": 0.3,
      "default": 0.176
    },
    "k_des_on": {
      "mean": 4.5553,
      "sd": 1.63455,
      "lo": 2.0,
      "hi": 10.0,
      "default": 5.0
    },
    "K_anti_M1": {
      "mean": 0.58958,
      "sd": 0.23088,
      "lo": 0.3,
      "hi": 1.0,
      "default": 0.595
    }
  },
  "pm_endpoints": {
    "RGC_pct": 49.588347480057706,
    "RPE_pct": 25.41336380494749,
    "M1_peak": 5.0864552300265995,
    "ignition_day": 93.0,
    "cyt_frac": 35.818785544014084,
    "trans_frac": 53.56207968781106
  },
  "generations": 4
}