{
  "chi2_min": 45.73713216516808,
  "thresh": 3.8415,
  "params": {
    "k_C1q_M1": {
      "grid": [
        0.5,
        0.7888261435720714,
        1.0776522871441427,
        1.366478430716214,
        1.6498588230371607,
        1.933239215358107,
        2.2166196076790534,
        2.5
      ],
      "dchi2": [
        1397.3114468375018,
        1031.1138376412712,
        106.58532146961065,
        0.0,
        36.3685304430341,
        124.02262004976532,
        249.2766552592583,
        389.75101437962536
      ],
      "theta_hat": 1.366478430716214,
      "ci_low": 1.3560686893443832,
      "ci_high": 1.3964110610380813,
      "bounds": [
        0.5,
        2.5
      ],
      "status": "IDENTIFIABLE"
    },
    "k_C3_cleave": {
      "grid": [
        0.5,
        0.7344892711740043,
        0.9689785423480086,
        1.203467813522013,
        1.4026008601415096,
        1.6017339067610066,
        1.8008669533805033,
        2.0
      ],
      "dchi2": [
        929.5773499060374,
        189.61627229128572,
        69.34613683975681,
        0.0,
        76.34775832393763,
        230.86748028208268,
        409.7563755639413,
        555.2266072925497
      ],
      "theta_hat": 1.203467813522013,
      "ci_low": 1.1904780411097953,
      "ci_high": 1.213487355881634,
      "bounds": [
        0.5,
        2.0
      ],
      "status": "IDENTIFIABLE"
    },
    "k_C3aR_act": {
      "grid": [
        1.0,
        1.4287973492872974,
        1.8575946985745948,
        2.2863920478618924,
        2.5897940358964195,
        2.893196023930946,
        3.196598011965473,
        3.5
      ],
      "dchi2": [
        8090.809640159318,
        67.74431040332487,
        15.197142983808796,
        0.0,
        4.339853391753657,
        14.232457808307693,
        25.284798807940305,
        38.09627381343071
      ],
      "theta_hat": 2.2863920478618924,
      "ci_low": 2.178001607695466,
      "ci_high": 2.554953824453076,
      "bounds": [
        1.0,
        3.5
      ],
      "status": "IDENTIFIABLE"
    },
    "k_mig_damp": {
      "grid": [
        1.0,
        1.285198398868864,
        1.570396797737728,
        1.855595196606592,
        2.141696397454944,
        2.427797598303296,
        2.713898799151648,
        3.0
      ],
      "dchi2": [
        1047.4272203199034,
        285.01134423988213,
        46.39029603884791,
        0.0,
        117.54709372827645,
        253.6671171032542,
        501.8292424258759,
        433.96092162665013
      ],
      "theta_hat": 1.855595196606592,
      "ci_low": 1.8319784115716942,
      "ci_high": 1.864945132263866,
      "bounds": [
        1.0,
        3.0
      ],
      "status": "IDENTIFIABLE"
    },
    "k_M1_switch": {
      "grid": [
        0.08,
        0.11174350291818264,
        0.14348700583636526,
        0.17523050875454788,
        0.2064228815659109,
        0.23761525437727393,
        0.26880762718863693,
        0.3
      ],
      "dchi2": [
        1478.4775792980631,
        269.16516279149994,
        52.6109532635497,
        0.0,
        57.577644169519374,
        196.4538674298934,
        312.44519653816843,
        472.2092512353005
      ],
      "theta_hat": 0.17523050875454788,
      "ci_low": 0.17291268976637372,
      "ci_high": 0.17731162030197525,
      "bounds": [
        0.08,
        0.3
      ],
      "status": "IDENTIFIABLE"
    },
    "k_des_on": {
      "grid": [
        2.0,
        2.9947336245291947,
        3.9894672490583893,
        4.984200873587584,
        6.2381506551906885,
        7.492100436793792,
        8.746050218396896,
        10.0
      ],
      "dchi2": [
        1772.0435740687392,
        574.4755019635868,
        89.2705002857247,
        0.0,
        103.2274735020037,
        336.56676525367686,
        566.2221033718976,
        739.2969462239821
      ],
      "theta_hat": 4.984200873587584,
      "ci_low": 4.94139536441716,
      "ci_high": 5.030865273311896,
      "bounds": [
        2.0,
        10.0
      ],
      "status": "IDENTIFIABLE"
    },
    "K_anti_M1": {
      "grid": [
        0.3,
        0.3991280755492665,
        0.49825615109853294,
        0.5973842266477994,
        0.6980381699858496,
        0.7986921133238998,
        0.8993460566619499,
        1.0
      ],
      "dchi2": [
        107.39000890475043,
        30.032768918964592,
        5.877420148079366,
        0.0,
        0.8862015596355732,
        4.36783251984005,
        8.648351008929922,
        10.421695933908786
      ],
      "theta_hat": 0.5973842266477994,
      "ci_low": 0.532593809657286,
      "ci_high": 0.7834758413426091,
      "bounds": [
        0.3,
        1.0
      ],
      "status": "IDENTIFIABLE"
    },
    "k_damp_M1": {
      "grid": [
        0.2,
        0.3007541864639949,
        0.40150837292798974,
        0.5022625593919846,
        0.6266969195439884,
        0.7511312796959924,
        0.8755656398479962,
        1.0
      ],
      "dchi2": [
        45.94573614559498,
        14.218813226756325,
        1.0556027101565704,
        0.0,
        8.521934609115654,
        24.58971587804062,
        47.68777991214192,
        78.52921728493583
      ],
      "theta_hat": 0.5022625593919846,
      "ci_low": 0.38018448582184255,
      "ci_high": 0.5583548220587979,
      "bounds": [
        0.2,
        1.0
      ],
      "status": "IDENTIFIABLE"
    },
    "k_rpe_cyt": {
      "grid": [
        0.002,
        0.002258863508795839,
        0.002517727017591678,
        0.002776590526387517,
        0.005832442894790638,
        0.008888295263193758,
        0.01194414763159688,
        0.015
      ],
      "dchi2": [
        0.0,
        0.0,
        0.0,
        0.0,
        0.0,
        3.138830723206631,
        8.661430470125012,
        16.155796747897142
      ],
      "theta_hat": 0.002776590526387517,
      "ci_low": null,
      "ci_high": 0.009277107357514244,
      "bounds": [
        0.002,
        0.015
      ],
      "status": "partial"
    },
    "k_rgc_rpe": {
      "grid": [
        0.002,
        0.0026790747262185164,
        0.0033581494524370327,
        0.0040372241786555485,
        0.006027918133991662,
        0.008018612089327776,
        0.010009306044663888,
        0.012
      ],
      "dchi2": [
        3.824060267979519,
        0.9700236680722156,
        0.0,
        0.0,
        4.528690592908099,
        18.726020916053983,
        39.24306975083134,
        40.471959858645576
      ],
      "theta_hat": 0.0040372241786555485,
      "ci_low": null,
      "ci_high": 0.005725847119997407,
      "bounds": [
        0.002,
        0.012
      ],
      "status": "partial"
    },
    "k_rgc_cyt": {
      "grid": [
        0.008,
        0.012397374550329875,
        0.01679474910065975,
        0.021192123650989624,
        0.024644092738242217,
        0.028096061825494813,
        0.03154803091274741,
        0.035
      ],
      "dchi2": [
        4.609239977312058,
        3.8148295531800542,
        1.599334108061008,
        0.0,
        0.0,
        0.0,
        0.0,
        1.4241694227400714
      ],
      "theta_hat": 0.021192123650989624,
      "ci_low": 0.01224974312389171,
      "ci_high": null,
      "bounds": [
        0.008,
        0.035
      ],
      "status": "partial"
    }
  }
}